지점,지점명,일시,기온(°C),기온 QC플래그
108,서울,2026-09-01 00:00,23.3,
108,서울,2026-09-01 01:00,23.1,
108,서울,2026-09-01 02:00,23,
108,서울,2026-09-01 03:00,23,
108,서울,2026-09-01 04:00,23,
108,서울,2026-09-01 05:00,23,
108,서울,2026-09-01 06:00,23,
108,서울,2026-09-01 07:00,23.1,
108,서울,2026-09-01 08:00,22.9,
108,서울,2026-09-01 09:00,23,
108,서울,2026-09-01 10:00,23.2,
108,서울,2026-09-01 11:00,22.9,
108,서울,2026-09-01 12:00,23.1,
108,서울,2026-09-01 13:00,23.5,
108,서울,2026-09-01 14:00,24.1,
108,서울,2026-09-01 15:00,24.1,
108,서울,2026-09-01 16:00,23.2,
108,서울,2026-09-01 17:00,22.5,
108,서울,2026-09-01 18:00,22.1,
108,서울,2026-09-01 19:00,22,
108,서울,2026-09-01 20:00,22,
108,서울,2026-09-01 21:00,22,
108,서울,2026-09-01 22:00,22.1,
108,서울,2026-09-01 23:00,22.1,
